annee;departement;population_20_59
2001;Ain;286300
2001;Aisne;279521
2001;Allier;174097
2001;Alpes-Maritimes;525659
2001;Alpes-de-Haute-Provence;72631
2001;Ardennes;150834
2001;Ardèche;149167
2001;Ariège;69533
2001;Aube;155336
2001;Aude;158988
2001;Aveyron;131767
2001;Bas-Rhin;587029
2001;Bouches-du-Rhône;1009898
2001;Calvados;351469
2001;Cantal;76805
2001;Charente;176523
2001;Charente-Maritime;286712
2001;Cher;161769
2001;Corrèze;117756
2001;Corse;142614
2001;Creuse;59191
2001;Côte-d'Or;279640
2001;Côtes-d'Armor;272230
2001;Deux-Sèvres;178875
2001;Dordogne;194039
2001;Doubs;275060
2001;Drôme;232156
2001;Essonne;653591
2001;Eure;293764
2001;Eure-et-Loir;217228
2001;Finistère;444608
2001;Gard;333065
2001;Gers;86456
2001;Gironde;728763
2001;Guadeloupe;207749
2001;Guyane;83294
2001;Haut-Rhin;393660
2001;Haute-Garonne;623710
2001;Haute-Loire;107941
2001;Haute-Marne;99202
2001;Haute-Savoie;364006
2001;Haute-Saône;120931
2001;Haute-Vienne;189667
2001;Hautes-Alpes;64548
2001;Hautes-Pyrénées;115094
2001;Hauts-de-Seine;845585
2001;Hérault;493996
2001;Ille-et-Vilaine;483782
2001;Indre;116493
2001;Indre-et-Loire;300439
2001;Isère;614552
2001;Jura;130169
2001;La Réunion;387169
2001;Landes;172402
2001;Loir-et-Cher;161063
2001;Loire;380852
2001;Loire-Atlantique;629189
2001;Loiret;334077
2001;Lot;79687
2001;Lot-et-Garonne;154891
2001;Lozère;38256
2001;Maine-et-Loire;390882
2001;Manche;242943
2001;Marne;313124
2001;Martinique;206032
2001;Mayenne;147398
2001;Meurthe-et-Moselle;390996
2001;Meuse;99565
2001;Morbihan;336560
2001;Moselle;563028
2001;Nièvre;111022
2001;Nord;1368267
2001;Oise;425965
2001;Orne;147345
2001;Paris;1326793
2001;Pas-de-Calais;753636
2001;Puy-de-Dôme;336554
2001;Pyrénées-Atlantiques;317846
2001;Pyrénées-Orientales;199192
2001;Rhône;887067
2001;Sarthe;278811
2001;Savoie;207633
2001;Saône-et-Loire;278552
2001;Seine-Maritime;664792
2001;Seine-Saint-Denis;799313
2001;Seine-et-Marne;684055
2001;Somme;299675
2001;Tarn;175129
2001;Tarn-et-Garonne;107950
2001;Territoire de Belfort;75874
2001;Val-d'Oise;630042
2001;Val-de-Marne;714350
2001;Var;465312
2001;Vaucluse;266339
2001;Vendée;282836
2001;Vienne;216694
2001;Vosges;197012
2001;Yonne;169629
2001;Yvelines;766895
2002;Ain;291442
2002;Aisne;281986
2002;Allier;174667
2002;Alpes-Maritimes;530531
2002;Alpes-de-Haute-Provence;73848
2002;Ardennes;151789
2002;Ardèche;151060
2002;Ariège;70641
2002;Aube;156560
2002;Aude;162189
2002;Aveyron;133210
2002;Bas-Rhin;591348
2002;Bouches-du-Rhône;1017030
2002;Calvados;353916
2002;Cantal;77224
2002;Charente;177846
2002;Charente-Maritime;291232
2002;Cher;162481
2002;Corrèze;118926
2002;Corse;145765
2002;Creuse;59621
2002;Côte-d'Or;280643
2002;Côtes-d'Armor;276258
2002;Deux-Sèvres;181265
2002;Dordogne;196219
2002;Doubs;277290
2002;Drôme;234977
2002;Essonne;658369
2002;Eure;297241
2002;Eure-et-Loir;219426
2002;Finistère;449670
2002;Gard;338408
2002;Gers;87532
2002;Gironde;739080
2002;Guadeloupe;209069
2002;Guyane;87261
2002;Haut-Rhin;396597
2002;Haute-Garonne;634789
2002;Haute-Loire;109362
2002;Haute-Marne;99440
2002;Haute-Savoie;369961
2002;Haute-Saône;122302
2002;Haute-Vienne;191100
2002;Hautes-Alpes;65414
2002;Hautes-Pyrénées;115493
2002;Hauts-de-Seine;854554
2002;Hérault;501896
2002;Ille-et-Vilaine;491439
2002;Indre;117074
2002;Indre-et-Loire;302604
2002;Isère;620326
2002;Jura;131243
2002;La Réunion;393984
2002;Landes;175897
2002;Loir-et-Cher;162681
2002;Loire;382758
2002;Loire-Atlantique;639420
2002;Loiret;337280
2002;Lot;80775
2002;Lot-et-Garonne;156692
2002;Lozère;38764
2002;Maine-et-Loire;395475
2002;Manche;245563
2002;Marne;314174
2002;Martinique;207550
2002;Mayenne;149470
2002;Meurthe-et-Moselle;393397
2002;Meuse;100724
2002;Morbihan;343031
2002;Moselle;566823
2002;Nièvre;111377
2002;Nord;1380358
2002;Oise;430400
2002;Orne;148270
2002;Paris;1331364
2002;Pas-de-Calais;762391
2002;Puy-de-Dôme;338365
2002;Pyrénées-Atlantiques;321965
2002;Pyrénées-Orientales;202867
2002;Rhône;894016
2002;Sarthe;281516
2002;Savoie;210234
2002;Saône-et-Loire;280321
2002;Seine-Maritime;667635
2002;Seine-Saint-Denis;809561
2002;Seine-et-Marne;693145
2002;Somme;301812
2002;Tarn;177443
2002;Tarn-et-Garonne;110029
2002;Territoire de Belfort;76395
2002;Val-d'Oise;635647
2002;Val-de-Marne;720849
2002;Var;472523
2002;Vaucluse;269295
2002;Vendée;289135
2002;Vienne;218284
2002;Vosges;198855
2002;Yonne;171401
2002;Yvelines;770830
2003;Ain;295934
2003;Aisne;283341
2003;Allier;174952
2003;Alpes-Maritimes;534597
2003;Alpes-de-Haute-Provence;75103
2003;Ardennes;152282
2003;Ardèche;152844
2003;Ariège;71649
2003;Aube;157398
2003;Aude;165022
2003;Aveyron;134466
2003;Bas-Rhin;595476
2003;Bouches-du-Rhône;1022710
2003;Calvados;355767
2003;Cantal;77544
2003;Charente;178977
2003;Charente-Maritime;295024
2003;Cher;162824
2003;Corrèze;119944
2003;Corse;148684
2003;Creuse;59930
2003;Côte-d'Or;281068
2003;Côtes-d'Armor;279365
2003;Deux-Sèvres;183132
2003;Dordogne;197881
2003;Doubs;278888
2003;Drôme;237630
2003;Essonne;662122
2003;Eure;300022
2003;Eure-et-Loir;221441
2003;Finistère;453385
2003;Gard;343312
2003;Gers;88247
2003;Gironde;748511
2003;Guadeloupe;209967
2003;Guyane;91463
2003;Haut-Rhin;399087
2003;Haute-Garonne;645573
2003;Haute-Loire;110422
2003;Haute-Marne;99437
2003;Haute-Savoie;375279
2003;Haute-Saône;123234
2003;Haute-Vienne;191990
2003;Hautes-Alpes;66262
2003;Hautes-Pyrénées;115922
2003;Hauts-de-Seine;863259
2003;Hérault;509347
2003;Ille-et-Vilaine;498483
2003;Indre;117386
2003;Indre-et-Loire;304391
2003;Isère;625638
2003;Jura;131938
2003;La Réunion;399984
2003;Landes;178970
2003;Loir-et-Cher;163979
2003;Loire;384191
2003;Loire-Atlantique;648548
2003;Loiret;340183
2003;Lot;81808
2003;Lot-et-Garonne;158275
2003;Lozère;39212
2003;Maine-et-Loire;399005
2003;Manche;247488
2003;Marne;314549
2003;Martinique;208924
2003;Mayenne;151022
2003;Meurthe-et-Moselle;395109
2003;Meuse;101522
2003;Morbihan;348618
2003;Moselle;569614
2003;Nièvre;111417
2003;Nord;1388190
2003;Oise;433809
2003;Orne;148878
2003;Paris;1334155
2003;Pas-de-Calais;768756
2003;Puy-de-Dôme;339732
2003;Pyrénées-Atlantiques;325324
2003;Pyrénées-Orientales;206302
2003;Rhône;900487
2003;Sarthe;283870
2003;Savoie;212563
2003;Saône-et-Loire;281402
2003;Seine-Maritime;670025
2003;Seine-Saint-Denis;819409
2003;Seine-et-Marne;701222
2003;Somme;303286
2003;Tarn;179503
2003;Tarn-et-Garonne;111939
2003;Territoire de Belfort;76842
2003;Val-d'Oise;640502
2003;Val-de-Marne;726503
2003;Var;478980
2003;Vaucluse;271714
2003;Vendée;294829
2003;Vienne;219541
2003;Vosges;199764
2003;Yonne;172719
2003;Yvelines;773029
2004;Ain;299888
2004;Aisne;283794
2004;Allier;174561
2004;Alpes-Maritimes;538013
2004;Alpes-de-Haute-Provence;76043
2004;Ardennes;152303
2004;Ardèche;154095
2004;Ariège;72235
2004;Aube;157859
2004;Aude;167266
2004;Aveyron;135163
2004;Bas-Rhin;599184
2004;Bouches-du-Rhône;1027225
2004;Calvados;356753
2004;Cantal;77480
2004;Charente;179522
2004;Charente-Maritime;297784
2004;Cher;162708
2004;Corrèze;120642
2004;Corse;151605
2004;Creuse;60003
2004;Côte-d'Or;281222
2004;Côtes-d'Armor;281336
2004;Deux-Sèvres;184398
2004;Dordogne;198897
2004;Doubs;280013
2004;Drôme;239528
2004;Essonne;664747
2004;Eure;301902
2004;Eure-et-Loir;222663
2004;Finistère;455548
2004;Gard;347168
2004;Gers;88797
2004;Gironde;755530
2004;Guadeloupe;210977
2004;Guyane;95324
2004;Haut-Rhin;401337
2004;Haute-Garonne;655794
2004;Haute-Loire;111358
2004;Haute-Marne;99066
2004;Haute-Savoie;380168
2004;Haute-Saône;123895
2004;Haute-Vienne;192447
2004;Hautes-Alpes;66895
2004;Hautes-Pyrénées;115870
2004;Hauts-de-Seine;871042
2004;Hérault;515500
2004;Ille-et-Vilaine;504262
2004;Indre;117311
2004;Indre-et-Loire;305431
2004;Isère;629415
2004;Jura;132184
2004;La Réunion;406349
2004;Landes;181406
2004;Loir-et-Cher;164653
2004;Loire;384716
2004;Loire-Atlantique;655811
2004;Loiret;341838
2004;Lot;82502
2004;Lot-et-Garonne;159536
2004;Lozère;39469
2004;Maine-et-Loire;401240
2004;Manche;248527
2004;Marne;314331
2004;Martinique;210286
2004;Mayenne;152089
2004;Meurthe-et-Moselle;396064
2004;Meuse;102204
2004;Morbihan;352715
2004;Moselle;572085
2004;Nièvre;111180
2004;Nord;1391657
2004;Oise;435810
2004;Orne;149006
2004;Paris;1336951
2004;Pas-de-Calais;772481
2004;Puy-de-Dôme;340245
2004;Pyrénées-Atlantiques;328171
2004;Pyrénées-Orientales;209214
2004;Rhône;905624
2004;Sarthe;285175
2004;Savoie;214622
2004;Saône-et-Loire;281632
2004;Seine-Maritime;669981
2004;Seine-Saint-Denis;828442
2004;Seine-et-Marne;707456
2004;Somme;303594
2004;Tarn;180854
2004;Tarn-et-Garonne;113501
2004;Territoire de Belfort;77152
2004;Val-d'Oise;644399
2004;Val-de-Marne;731167
2004;Var;484414
2004;Vaucluse;273666
2004;Vendée;299491
2004;Vienne;220612
2004;Vosges;200015
2004;Yonne;173398
2004;Yvelines;773486
2005;Ain;303433
2005;Aisne;284254
2005;Allier;174198
2005;Alpes-Maritimes;541540
2005;Alpes-de-Haute-Provence;77095
2005;Ardennes;152268
2005;Ardèche;155417
2005;Ariège;73002
2005;Aube;158434
2005;Aude;169535
2005;Aveyron;135973
2005;Bas-Rhin;604492
2005;Bouches-du-Rhône;1031860
2005;Calvados;358084
2005;Cantal;77339
2005;Charente;179991
2005;Charente-Maritime;300610
2005;Cher;162518
2005;Corrèze;121415
2005;Corse;154292
2005;Creuse;60066
2005;Côte-d'Or;281757
2005;Côtes-d'Armor;283357
2005;Deux-Sèvres;185701
2005;Dordogne;199745
2005;Doubs;281001
2005;Drôme;241469
2005;Essonne;667623
2005;Eure;303851
2005;Eure-et-Loir;223805
2005;Finistère;458072
2005;Gard;351234
2005;Gers;89404
2005;Gironde;763099
2005;Guadeloupe;211171
2005;Guyane;98384
2005;Haut-Rhin;404101
2005;Haute-Garonne;666787
2005;Haute-Loire;112144
2005;Haute-Marne;98775
2005;Haute-Savoie;384776
2005;Haute-Saône;124314
2005;Haute-Vienne;193323
2005;Hautes-Alpes;67522
2005;Hautes-Pyrénées;115940
2005;Hauts-de-Seine;878803
2005;Hérault;522279
2005;Ille-et-Vilaine;510522
2005;Indre;117202
2005;Indre-et-Loire;306964
2005;Isère;633823
2005;Jura;132365
2005;La Réunion;413784
2005;Landes;184067
2005;Loir-et-Cher;165274
2005;Loire;384755
2005;Loire-Atlantique;663578
2005;Loiret;343535
2005;Lot;83271
2005;Lot-et-Garonne;160755
2005;Lozère;39828
2005;Maine-et-Loire;403575
2005;Manche;249523
2005;Marne;314067
2005;Martinique;211325
2005;Mayenne;153127
2005;Meurthe-et-Moselle;397282
2005;Meuse;102620
2005;Morbihan;356986
2005;Moselle;574980
2005;Nièvre;110970
2005;Nord;1395263
2005;Oise;437868
2005;Orne;149045
2005;Paris;1340025
2005;Pas-de-Calais;776144
2005;Puy-de-Dôme;340754
2005;Pyrénées-Atlantiques;330907
2005;Pyrénées-Orientales;212200
2005;Rhône;911033
2005;Sarthe;286922
2005;Savoie;216607
2005;Saône-et-Loire;281426
2005;Seine-Maritime;670022
2005;Seine-Saint-Denis;837357
2005;Seine-et-Marne;713910
2005;Somme;304128
2005;Tarn;182427
2005;Tarn-et-Garonne;115204
2005;Territoire de Belfort;77406
2005;Val-d'Oise;647954
2005;Val-de-Marne;736260
2005;Var;490032
2005;Vaucluse;275624
2005;Vendée;304416
2005;Vienne;222084
2005;Vosges;200050
2005;Yonne;174222
2005;Yvelines;774235
2006;Ain;307019
2006;Aisne;284460
2006;Allier;174018
2006;Alpes-Maritimes;546144
2006;Alpes-de-Haute-Provence;77791
2006;Ardennes;151754
2006;Ardèche;156353
2006;Ariège;73912
2006;Aube;159441
2006;Aude;172280
2006;Aveyron;136731
2006;Bas-Rhin;608173
2006;Bouches-du-Rhône;1037135
2006;Calvados;359950
2006;Cantal;77314
2006;Charente;180387
2006;Charente-Maritime;304675
2006;Cher;162421
2006;Corrèze;122474
2006;Corse;156367
2006;Creuse;60383
2006;Côte-d'Or;282623
2006;Côtes-d'Armor;285498
2006;Deux-Sèvres;186491
2006;Dordogne;200861
2006;Doubs;281306
2006;Drôme;243016
2006;Essonne;672819
2006;Eure;305492
2006;Eure-et-Loir;225005
2006;Finistère;461279
2006;Gard;355396
2006;Gers;90298
2006;Gironde;771085
2006;Guadeloupe;210620
2006;Guyane;101526
2006;Haut-Rhin;406184
2006;Haute-Garonne;677268
2006;Haute-Loire;112767
2006;Haute-Marne;97986
2006;Haute-Savoie;388949
2006;Haute-Saône;124500
2006;Haute-Vienne;194552
2006;Hautes-Alpes;67787
2006;Hautes-Pyrénées;116615
2006;Hauts-de-Seine;887880
2006;Hérault;529660
2006;Ille-et-Vilaine;519084
2006;Indre;117618
2006;Indre-et-Loire;307883
2006;Isère;639981
2006;Jura;132472
2006;La Réunion;419768
2006;Landes;186754
2006;Loir-et-Cher;166345
2006;Loire;384178
2006;Loire-Atlantique;672424
2006;Loiret;345412
2006;Lot;83819
2006;Lot-et-Garonne;161807
2006;Lozère;39831
2006;Maine-et-Loire;406067
2006;Manche;250577
2006;Marne;313561
2006;Martinique;210684
2006;Mayenne;153426
2006;Meurthe-et-Moselle;398634
2006;Meuse;102666
2006;Morbihan;360907
2006;Moselle;577517
2006;Nièvre;111021
2006;Nord;1399718
2006;Oise;440186
2006;Orne;149045
2006;Paris;1344684
2006;Pas-de-Calais;779396
2006;Puy-de-Dôme;341542
2006;Pyrénées-Atlantiques;333953
2006;Pyrénées-Orientales;215400
2006;Rhône;918074
2006;Sarthe;289362
2006;Savoie;218602
2006;Saône-et-Loire;280599
2006;Seine-Maritime;672193
2006;Seine-Saint-Denis;848420
2006;Seine-et-Marne;719710
2006;Somme;305459
2006;Tarn;184750
2006;Tarn-et-Garonne;117076
2006;Territoire de Belfort;78178
2006;Val-d'Oise;652129
2006;Val-de-Marne;742854
2006;Var;496060
2006;Vaucluse;277918
2006;Vendée;308946
2006;Vienne;223349
2006;Vosges;200587
2006;Yonne;174699
2006;Yvelines;774266
2007;Ain;310287
2007;Aisne;283645
2007;Allier;172608
2007;Alpes-Maritimes;549134
2007;Alpes-de-Haute-Provence;78123
2007;Ardennes;150622
2007;Ardèche;156870
2007;Ariège;74772
2007;Aube;159262
2007;Aude;172468
2007;Aveyron;136078
2007;Bas-Rhin;609062
2007;Bouches-du-Rhône;1044682
2007;Calvados;360055
2007;Cantal;76025
2007;Charente;180845
2007;Charente-Maritime;304048
2007;Cher;161528
2007;Corrèze;122681
2007;Corse;159015
2007;Creuse;59911
2007;Côte-d'Or;283060
2007;Côtes-d'Armor;285712
2007;Deux-Sèvres;187249
2007;Dordogne;200509
2007;Doubs;281270
2007;Drôme;244344
2007;Essonne;669688
2007;Eure;306389
2007;Eure-et-Loir;224537
2007;Finistère;460237
2007;Gard;357482
2007;Gers;90802
2007;Gironde;776167
2007;Guadeloupe;209623
2007;Guyane;105904
2007;Haut-Rhin;408320
2007;Haute-Garonne;684179
2007;Haute-Loire;112427
2007;Haute-Marne;97331
2007;Haute-Savoie;392469
2007;Haute-Saône;124273
2007;Haute-Vienne;195164
2007;Hautes-Alpes;68583
2007;Hautes-Pyrénées;115696
2007;Hauts-de-Seine;886900
2007;Hérault;533049
2007;Ille-et-Vilaine;520182
2007;Indre;116199
2007;Indre-et-Loire;308433
2007;Isère;639026
2007;Jura;132415
2007;La Réunion;427964
2007;Landes;187895
2007;Loir-et-Cher;165365
2007;Loire;381444
2007;Loire-Atlantique;677344
2007;Loiret;345267
2007;Lot;83640
2007;Lot-et-Garonne;162031
2007;Lozère;39754
2007;Maine-et-Loire;404908
2007;Manche;250389
2007;Marne;311505
2007;Martinique;210352
2007;Mayenne;153649
2007;Meurthe-et-Moselle;398054
2007;Meuse;102432
2007;Morbihan;361697
2007;Moselle;578329
2007;Nièvre;109795
2007;Nord;1396298
2007;Oise;439478
2007;Orne;147614
2007;Paris;1346014
2007;Pas-de-Calais;778187
2007;Puy-de-Dôme;341516
2007;Pyrénées-Atlantiques;335156
2007;Pyrénées-Orientales;217200
2007;Rhône;915888
2007;Sarthe;288907
2007;Savoie;217879
2007;Saône-et-Loire;279269
2007;Seine-Maritime;667635
2007;Seine-Saint-Denis;851512
2007;Seine-et-Marne;724815
2007;Somme;304556
2007;Tarn;185446
2007;Tarn-et-Garonne;119134
2007;Territoire de Belfort;78418
2007;Val-d'Oise;651617
2007;Val-de-Marne;740218
2007;Var;497279
2007;Vaucluse;277990
2007;Vendée;311742
2007;Vienne;224943
2007;Vosges;198552
2007;Yonne;173948
2007;Yvelines;771461
2008;Ain;312178
2008;Aisne;282499
2008;Allier;170525
2008;Alpes-Maritimes;547996
2008;Alpes-de-Haute-Provence;78130
2008;Ardennes;149723
2008;Ardèche;156160
2008;Ariège;75468
2008;Aube;157539
2008;Aude;172579
2008;Aveyron;135175
2008;Bas-Rhin;609832
2008;Bouches-du-Rhône;1041696
2008;Calvados;357582
2008;Cantal;75339
2008;Charente;180140
2008;Charente-Maritime;303845
2008;Cher;159219
2008;Corrèze;121041
2008;Corse;160867
2008;Creuse;59375
2008;Côte-d'Or;281815
2008;Côtes-d'Armor;285312
2008;Deux-Sèvres;187336
2008;Dordogne;199718
2008;Doubs;280922
2008;Drôme;245081
2008;Essonne;665142
2008;Eure;306854
2008;Eure-et-Loir;223952
2008;Finistère;460159
2008;Gard;356493
2008;Gers;90893
2008;Gironde;776232
2008;Guadeloupe;209337
2008;Guyane;108922
2008;Haut-Rhin;408160
2008;Haute-Garonne;688801
2008;Haute-Loire;111725
2008;Haute-Marne;96109
2008;Haute-Savoie;395455
2008;Haute-Saône;123843
2008;Haute-Vienne;195335
2008;Hautes-Alpes;68755
2008;Hautes-Pyrénées;114656
2008;Hauts-de-Seine;885069
2008;Hérault;534973
2008;Ille-et-Vilaine;523289
2008;Indre;114678
2008;Indre-et-Loire;308269
2008;Isère;638794
2008;Jura;132117
2008;La Réunion;435589
2008;Landes;189772
2008;Loir-et-Cher;163436
2008;Loire;378756
2008;Loire-Atlantique;674997
2008;Loiret;344916
2008;Lot;83810
2008;Lot-et-Garonne;161663
2008;Lozère;39591
2008;Maine-et-Loire;404596
2008;Manche;250173
2008;Marne;308789
2008;Martinique;210166
2008;Mayenne;153928
2008;Meurthe-et-Moselle;396320
2008;Meuse;102187
2008;Morbihan;362449
2008;Moselle;578253
2008;Nièvre;108082
2008;Nord;1389840
2008;Oise;438652
2008;Orne;145969
2008;Paris;1348609
2008;Pas-de-Calais;775970
2008;Puy-de-Dôme;340983
2008;Pyrénées-Atlantiques;334521
2008;Pyrénées-Orientales;217589
2008;Rhône;916740
2008;Sarthe;288182
2008;Savoie;219057
2008;Saône-et-Loire;278019
2008;Seine-Maritime;665817
2008;Seine-Saint-Denis;849748
2008;Seine-et-Marne;728263
2008;Somme;304043
2008;Tarn;184718
2008;Tarn-et-Garonne;120390
2008;Territoire de Belfort;76774
2008;Val-d'Oise;649494
2008;Val-de-Marne;741083
2008;Var;495151
2008;Vaucluse;276741
2008;Vendée;313898
2008;Vienne;224386
2008;Vosges;197154
2008;Yonne;173134
2008;Yvelines;767291
2009;Ain;313614
2009;Aisne;281700
2009;Allier;168733
2009;Alpes-Maritimes;542009
2009;Alpes-de-Haute-Provence;78247
2009;Ardennes;148483
2009;Ardèche;155675
2009;Ariège;75093
2009;Aube;156705
2009;Aude;173325
2009;Aveyron;134502
2009;Bas-Rhin;609527
2009;Bouches-du-Rhône;1035429
2009;Calvados;355833
2009;Cantal;74562
2009;Charente;178044
2009;Charente-Maritime;302130
2009;Cher;155570
2009;Corrèze;120068
2009;Corse;162193
2009;Creuse;58720
2009;Côte-d'Or;279888
2009;Côtes-d'Armor;286028
2009;Deux-Sèvres;186564
2009;Dordogne;199548
2009;Doubs;280477
2009;Drôme;245595
2009;Essonne;662167
2009;Eure;307555
2009;Eure-et-Loir;222622
2009;Finistère;457340
2009;Gard;357267
2009;Gers;90860
2009;Gironde;776457
2009;Guadeloupe;208322
2009;Guyane;110851
2009;Haut-Rhin;406759
2009;Haute-Garonne;692702
2009;Haute-Loire;111456
2009;Haute-Marne;94479
2009;Haute-Savoie;398716
2009;Haute-Saône;123029
2009;Haute-Vienne;193239
2009;Hautes-Alpes;68993
2009;Hautes-Pyrénées;113965
2009;Hauts-de-Seine;885579
2009;Hérault;537406
2009;Ille-et-Vilaine;525186
2009;Indre;113992
2009;Indre-et-Loire;307602
2009;Isère;639634
2009;Jura;131341
2009;La Réunion;440903
2009;Landes;190972
2009;Loir-et-Cher;162574
2009;Loire;376590
2009;Loire-Atlantique;676239
2009;Loiret;342533
2009;Lot;82857
2009;Lot-et-Garonne;161710
2009;Lozère;39401
2009;Maine-et-Loire;404145
2009;Manche;248224
2009;Marne;306782
2009;Martinique;209058
2009;Mayenne;153627
2009;Meurthe-et-Moselle;395402
2009;Meuse;101721
2009;Morbihan;360955
2009;Moselle;577884
2009;Nièvre;106267
2009;Nord;1386981
2009;Oise;436538
2009;Orne;144589
2009;Paris;1351969
2009;Pas-de-Calais;773607
2009;Puy-de-Dôme;336463
2009;Pyrénées-Atlantiques;333246
2009;Pyrénées-Orientales;217623
2009;Rhône;924356
2009;Sarthe;286618
2009;Savoie;218610
2009;Saône-et-Loire;275841
2009;Seine-Maritime;662126
2009;Seine-Saint-Denis;851005
2009;Seine-et-Marne;729182
2009;Somme;303093
2009;Tarn;184276
2009;Tarn-et-Garonne;121307
2009;Territoire de Belfort;76461
2009;Val-d'Oise;648861
2009;Val-de-Marne;742695
2009;Var;493573
2009;Vaucluse;275489
2009;Vendée;314087
2009;Vienne;223717
2009;Vosges;195808
2009;Yonne;172381
2009;Yvelines;762073
2010;Ain;316147
2010;Aisne;279469
2010;Allier;166902
2010;Alpes-Maritimes;539299
2010;Alpes-de-Haute-Provence;78108
2010;Ardennes;147331
2010;Ardèche;155386
2010;Ariège;75032
2010;Aube;155036
2010;Aude;173501
2010;Aveyron;133173
2010;Bas-Rhin;606158
2010;Bouches-du-Rhône;1032662
2010;Calvados;355202
2010;Cantal;73797
2010;Charente;176440
2010;Charente-Maritime;302667
2010;Cher;154133
2010;Corrèze;118875
2010;Corse;162772
2010;Creuse;58102
2010;Côte-d'Or;278267
2010;Côtes-d'Armor;284364
2010;Deux-Sèvres;185986
2010;Dordogne;198467
2010;Doubs;278311
2010;Drôme;244671
2010;Essonne;662296
2010;Eure;307929
2010;Eure-et-Loir;222210
2010;Finistère;455023
2010;Gard;358499
2010;Gers;90693
2010;Gironde;779002
2010;Guadeloupe;208603
2010;Guyane;112911
2010;Haut-Rhin;404579
2010;Haute-Garonne;695428
2010;Haute-Loire;110669
2010;Haute-Marne;92946
2010;Haute-Savoie;403490
2010;Haute-Saône;121912
2010;Haute-Vienne;190599
2010;Hautes-Alpes;68642
2010;Hautes-Pyrénées;112912
2010;Hauts-de-Seine;885128
2010;Hérault;542181
2010;Ille-et-Vilaine;526924
2010;Indre;112117
2010;Indre-et-Loire;305463
2010;Isère;640408
2010;Jura;130456
2010;La Réunion;444392
2010;Landes;191836
2010;Loir-et-Cher;161677
2010;Loire;374463
2010;Loire-Atlantique;677493
2010;Loiret;340197
2010;Lot;82669
2010;Lot-et-Garonne;160732
2010;Lozère;38630
2010;Maine-et-Loire;404860
2010;Manche;246678
2010;Marne;303862
2010;Martinique;207712
2010;Mayenne;152314
2010;Meurthe-et-Moselle;393953
2010;Meuse;100884
2010;Morbihan;360105
2010;Moselle;574586
2010;Nièvre;105479
2010;Nord;1379631
2010;Oise;434213
2010;Orne;142346
2010;Paris;1349948
2010;Pas-de-Calais;768180
2010;Puy-de-Dôme;334256
2010;Pyrénées-Atlantiques;333967
2010;Pyrénées-Orientales;216710
2010;Rhône;927967
2010;Sarthe;285704
2010;Savoie;219116
2010;Saône-et-Loire;274135
2010;Seine-Maritime;657588
2010;Seine-Saint-Denis;850071
2010;Seine-et-Marne;730830
2010;Somme;300512
2010;Tarn;183644
2010;Tarn-et-Garonne;121488
2010;Territoire de Belfort;76420
2010;Val-d'Oise;647324
2010;Val-de-Marne;743648
2010;Var;491087
2010;Vaucluse;275365
2010;Vendée;314889
2010;Vienne;222345
2010;Vosges;193033
2010;Yonne;170582
2010;Yvelines;758431
2011;Ain;317701
2011;Aisne;277454
2011;Allier;164984
2011;Alpes-Maritimes;539098
2011;Alpes-de-Haute-Provence;77798
2011;Ardennes;145667
2011;Ardèche;155007
2011;Ariège;74171
2011;Aube;153909
2011;Aude;173811
2011;Aveyron;131528
2011;Bas-Rhin;603421
2011;Bouches-du-Rhône;1027410
2011;Calvados;352319
2011;Cantal;72483
2011;Charente;175313
2011;Charente-Maritime;301950
2011;Cher;153166
2011;Corrèze;117661
2011;Corse;164125
2011;Creuse;57153
2011;Côte-d'Or;276740
2011;Côtes-d'Armor;282759
2011;Deux-Sèvres;184591
2011;Dordogne;196721
2011;Doubs;276534
2011;Drôme;244301
2011;Essonne;663126
2011;Eure;305626
2011;Eure-et-Loir;220994
2011;Finistère;453222
2011;Gard;360410
2011;Gers;90268
2011;Gironde;780538
2011;Guadeloupe;208319
2011;Guyane;117283
2011;Haut-Rhin;402965
2011;Haute-Garonne;700214
2011;Haute-Loire;110193
2011;Haute-Marne;91634
2011;Haute-Savoie;406894
2011;Haute-Saône;120819
2011;Haute-Vienne;189140
2011;Hautes-Alpes;69259
2011;Hautes-Pyrénées;112025
2011;Hauts-de-Seine;886492
2011;Hérault;545295
2011;Ille-et-Vilaine;528089
2011;Indre;110720
2011;Indre-et-Loire;303920
2011;Isère;640824
2011;Jura;129636
2011;La Réunion;448967
2011;Landes;192276
2011;Loir-et-Cher;160890
2011;Loire;371365
2011;Loire-Atlantique;680774
2011;Loiret;338238
2011;Lot;81972
2011;Lot-et-Garonne;158925
2011;Lozère;38304
2011;Maine-et-Loire;403292
2011;Manche;245544
2011;Marne;301995
2011;Martinique;205638
2011;Mayenne;150761
2011;Meurthe-et-Moselle;391081
2011;Meuse;99040
2011;Morbihan;359215
2011;Moselle;570864
2011;Nièvre;103272
2011;Nord;1374082
2011;Oise;431813
2011;Orne;140104
2011;Paris;1347105
2011;Pas-de-Calais;762150
2011;Puy-de-Dôme;333603
2011;Pyrénées-Atlantiques;332713
2011;Pyrénées-Orientales;216742
2011;Rhône;936019
2011;Sarthe;283395
2011;Savoie;219774
2011;Saône-et-Loire;271962
2011;Seine-Maritime;653339
2011;Seine-Saint-Denis;850124
2011;Seine-et-Marne;733009
2011;Somme;298778
2011;Tarn;183363
2011;Tarn-et-Garonne;122078
2011;Territoire de Belfort;76147
2011;Val-d'Oise;647280
2011;Val-de-Marne;743137
2011;Var;491329
2011;Vaucluse;274734
2011;Vendée;315342
2011;Vienne;220305
2011;Vosges;191172
2011;Yonne;168427
2011;Yvelines;753989
2012;Ain;320535
2012;Aisne;274959
2012;Allier;163843
2012;Alpes-Maritimes;538491
2012;Alpes-de-Haute-Provence;77698
2012;Ardennes;144263
2012;Ardèche;154482
2012;Ariège;73557
2012;Aube;153422
2012;Aude;173391
2012;Aveyron;130777
2012;Bas-Rhin;602700
2012;Bouches-du-Rhône;1027882
2012;Calvados;351605
2012;Cantal;71265
2012;Charente;174492
2012;Charente-Maritime;299779
2012;Cher;152398
2012;Corrèze;116152
2012;Corse;164619
2012;Creuse;56113
2012;Côte-d'Or;276614
2012;Côtes-d'Armor;281000
2012;Deux-Sèvres;184149
2012;Dordogne;195543
2012;Doubs;276269
2012;Drôme;244543
2012;Essonne;667276
2012;Eure;304547
2012;Eure-et-Loir;219832
2012;Finistère;451013
2012;Gard;362233
2012;Gers;89698
2012;Gironde;787818
2012;Guadeloupe;206885
2012;Guyane;119741
2012;Haut-Rhin;401630
2012;Haute-Garonne;709032
2012;Haute-Loire;110104
2012;Haute-Marne;90921
2012;Haute-Savoie;410814
2012;Haute-Saône;119769
2012;Haute-Vienne;187693
2012;Hautes-Alpes;69507
2012;Hautes-Pyrénées;110058
2012;Hauts-de-Seine;888179
2012;Hérault;552335
2012;Ille-et-Vilaine;529583
2012;Indre;108544
2012;Indre-et-Loire;303356
2012;Isère;641858
2012;Jura;128607
2012;La Réunion;451815
2012;Landes;193382
2012;Loir-et-Cher;160042
2012;Loire;371390
2012;Loire-Atlantique;685662
2012;Loiret;337155
2012;Lot;81020
2012;Lot-et-Garonne;158541
2012;Lozère;37878
2012;Maine-et-Loire;402481
2012;Manche;243253
2012;Marne;300053
2012;Martinique;202028
2012;Mayenne;150281
2012;Meurthe-et-Moselle;389183
2012;Meuse;97836
2012;Morbihan;358547
2012;Moselle;567003
2012;Nièvre;101439
2012;Nord;1369588
2012;Oise;431735
2012;Orne;138252
2012;Paris;1337755
2012;Pas-de-Calais;756108
2012;Puy-de-Dôme;332788
2012;Pyrénées-Atlantiques;333039
2012;Pyrénées-Orientales;217873
2012;Rhône;943917
2012;Sarthe;282166
2012;Savoie;219777
2012;Saône-et-Loire;269007
2012;Seine-Maritime;650689
2012;Seine-Saint-Denis;852222
2012;Seine-et-Marne;736492
2012;Somme;296614
2012;Tarn;182710
2012;Tarn-et-Garonne;122195
2012;Territoire de Belfort;76086
2012;Val-d'Oise;648249
2012;Val-de-Marne;744696
2012;Var;493619
2012;Vaucluse;272697
2012;Vendée;316268
2012;Vienne;220120
2012;Vosges;188235
2012;Yonne;166286
2012;Yvelines;751333
2015;Ain;324487
2015;Aisne;265708
2015;Allier;158491
2015;Alpes-Maritimes;531496
2015;Alpes-de-Haute-Provence;75419
2015;Ardennes;138016
2015;Ardèche;153565
2015;Ariège;71890
2015;Aube;151439
2015;Aude;170937
2015;Aveyron;128833
2015;Bas-Rhin;598373
2015;Bouches-du-Rhône;1026388
2015;Calvados;342021
2015;Cantal;68754
2015;Charente;169199
2015;Charente-Maritime;294055
2015;Cher;146301
2015;Corrèze;112890
2015;Corse;166152
2015;Creuse;54190
2015;Côte-d'Or;270608
2015;Côtes-d'Armor;272336
2015;Deux-Sèvres;179976
2015;Dordogne;188845
2015;Doubs;272862
2015;Drôme;246355
2015;Essonne;679138
2015;Eure;301367
2015;Eure-et-Loir;214676
2015;Finistère;442108
2015;Gard;357257
2015;Gers;87902
2015;Gironde;811070
2015;Guadeloupe;200584
2015;Guyane;128876
2015;Haut-Rhin;395163
2015;Haute-Garonne;733253
2015;Haute-Loire;107945
2015;Haute-Marne;86298
2015;Haute-Savoie;426806
2015;Haute-Saône;115252
2015;Haute-Vienne;181773
2015;Hautes-Alpes;68430
2015;Hautes-Pyrénées;106590
2015;Hauts-de-Seine;889015
2015;Hérault;565983
2015;Ille-et-Vilaine;540379
2015;Indre;102621
2015;Indre-et-Loire;299832
2015;Isère;640878
2015;Jura;125015
2015;La Réunion;452736
2015;Landes;193441
2015;Loir-et-Cher;156439
2015;Loire;364534
2015;Loire-Atlantique;699634
2015;Loiret;334837
2015;Lot;77790
2015;Lot-et-Garonne;154764
2015;Lozère;36580
2015;Maine-et-Loire;400353
2015;Manche;236848
2015;Marne;293937
2015;Martinique;193862
2015;Mayenne;146186
2015;Mayotte;97368
2015;Meurthe-et-Moselle;381166
2015;Meuse;93850
2015;Morbihan;353729
2015;Moselle;550544
2015;Nièvre;95458
2015;Nord;1350183
2015;Oise;426016
2015;Orne;132771
2015;Paris;1301148
2015;Pas-de-Calais;742408
2015;Puy-de-Dôme;326727
2015;Pyrénées-Atlantiques;329651
2015;Pyrénées-Orientales;218373
2015;Rhône;963654
2015;Sarthe;274562
2015;Savoie;219016
2015;Saône-et-Loire;260822
2015;Seine-Maritime;635816
2015;Seine-Saint-Denis;874078
2015;Seine-et-Marne;741309
2015;Somme;288880
2015;Tarn;181680
2015;Tarn-et-Garonne;122745
2015;Territoire de Belfort;74309
2015;Val-d'Oise;651038
2015;Val-de-Marne;752492
2015;Var;497682
2015;Vaucluse;272601
2015;Vendée;313376
2015;Vienne;214836
2015;Vosges;179901
2015;Yonne;160967
2015;Yvelines;745164
2016;Ain;326405
2016;Aisne;261834
2016;Allier;155627
2016;Alpes-Maritimes;529013
2016;Alpes-de-Haute-Provence;75315
2016;Ardennes;135198
2016;Ardèche;152774
2016;Ariège;71623
2016;Aube;150239
2016;Aude;170195
2016;Aveyron;127636
2016;Bas-Rhin;595502
2016;Bouches-du-Rhône;1021661
2016;Calvados;338977
2016;Cantal;67705
2016;Charente;167864
2016;Charente-Maritime;293528
2016;Cher;143983
2016;Corrèze;112038
2016;Corse;167464
2016;Creuse;53202
2016;Côte-d'Or;269222
2016;Côtes-d'Armor;271016
2016;Deux-Sèvres;178372
2016;Dordogne;186855
2016;Doubs;271506
2016;Drôme;245529
2016;Essonne;682615
2016;Eure;299092
2016;Eure-et-Loir;212484
2016;Finistère;439208
2016;Gard;356908
2016;Gers;87071
2016;Gironde;816270
2016;Guadeloupe;196891
2016;Guyane;134260
2016;Haut-Rhin;392281
2016;Haute-Garonne;734360
2016;Haute-Loire;107610
2016;Haute-Marne;85245
2016;Haute-Savoie;429550
2016;Haute-Saône;113680
2016;Haute-Vienne;179489
2016;Hautes-Alpes;67617
2016;Hautes-Pyrénées;105747
2016;Hauts-de-Seine;887656
2016;Hérault;565885
2016;Ille-et-Vilaine;542795
2016;Indre;101707
2016;Indre-et-Loire;297765
2016;Isère;639847
2016;Jura;124656
2016;La Réunion;450397
2016;Landes;192641
2016;Loir-et-Cher;155482
2016;Loire;363784
2016;Loire-Atlantique;705332
2016;Loiret;333056
2016;Lot;77120
2016;Lot-et-Garonne;153542
2016;Lozère;36193
2016;Maine-et-Loire;396683
2016;Manche;234795
2016;Marne;291304
2016;Martinique;190270
2016;Mayenne;145635
2016;Mayotte;101055
2016;Meurthe-et-Moselle;377136
2016;Meuse;91851
2016;Morbihan;352055
2016;Moselle;545969
2016;Nièvre;93102
2016;Nord;1342868
2016;Oise;424035
2016;Orne;130752
2016;Paris;1290292
2016;Pas-de-Calais;736319
2016;Puy-de-Dôme;326227
2016;Pyrénées-Atlantiques;329335
2016;Pyrénées-Orientales;219089
2016;Rhône;968351
2016;Sarthe;271714
2016;Savoie;217625
2016;Saône-et-Loire;258741
2016;Seine-Maritime;629460
2016;Seine-Saint-Denis;877387
2016;Seine-et-Marne;741584
2016;Somme;287526
2016;Tarn;180080
2016;Tarn-et-Garonne;123195
2016;Territoire de Belfort;73558
2016;Val-d'Oise;650854
2016;Val-de-Marne;753581
2016;Var;497691
2016;Vaucluse;271730
2016;Vendée;312590
2016;Vienne;212761
2016;Vosges;177749
2016;Yonne;159848
2016;Yvelines;741814
2017;Ain;327662
2017;Aisne;258888
2017;Allier;153534
2017;Alpes-Maritimes;525972
2017;Alpes-de-Haute-Provence;75727
2017;Ardennes;133210
2017;Ardèche;151859
2017;Ariège;70806
2017;Aube;149805
2017;Aude;169530
2017;Aveyron;127044
2017;Bas-Rhin;592570
2017;Bouches-du-Rhône;1017964
2017;Calvados;337898
2017;Cantal;66261
2017;Charente;165687
2017;Charente-Maritime;290700
2017;Cher;141399
2017;Corrèze;110715
2017;Corse;168568
2017;Creuse;52200
2017;Côte-d'Or;268574
2017;Côtes-d'Armor;269300
2017;Deux-Sèvres;177154
2017;Dordogne;184805
2017;Doubs;270035
2017;Drôme;245290
2017;Essonne;683842
2017;Eure;296205
2017;Eure-et-Loir;210428
2017;Finistère;436478
2017;Gard;356131
2017;Gers;86414
2017;Gironde;821011
2017;Guadeloupe;193132
2017;Guyane;132258
2017;Haut-Rhin;389769
2017;Haute-Garonne;739802
2017;Haute-Loire;106750
2017;Haute-Marne;83342
2017;Haute-Savoie;430699
2017;Haute-Saône;112419
2017;Haute-Vienne;177534
2017;Hautes-Alpes;67163
2017;Hautes-Pyrénées;105009
2017;Hauts-de-Seine;888180
2017;Hérault;568939
2017;Ille-et-Vilaine;543061
2017;Indre;99801
2017;Indre-et-Loire;296223
2017;Isère;638318
2017;Jura;123213
2017;La Réunion;448529
2017;Landes;192460
2017;Loir-et-Cher;153969
2017;Loire;362794
2017;Loire-Atlantique;711185
2017;Loiret;332390
2017;Lot;76679
2017;Lot-et-Garonne;152318
2017;Lozère;36113
2017;Maine-et-Loire;394081
2017;Manche;231705
2017;Marne;287753
2017;Martinique;185454
2017;Mayenne;144326
2017;Mayotte;104895
2017;Meurthe-et-Moselle;374929
2017;Meuse;89953
2017;Morbihan;350359
2017;Moselle;540280
2017;Nièvre;91049
2017;Nord;1335695
2017;Oise;422384
2017;Orne;128393
2017;Paris;1287666
2017;Pas-de-Calais;729504
2017;Puy-de-Dôme;325907
2017;Pyrénées-Atlantiques;328624
2017;Pyrénées-Orientales;217647
2017;Rhône;969336
2017;Sarthe;268673
2017;Savoie;216668
2017;Saône-et-Loire;254901
2017;Seine-Maritime;623143
2017;Seine-Saint-Denis;884300
2017;Seine-et-Marne;740037
2017;Somme;285273
2017;Tarn;179945
2017;Tarn-et-Garonne;123349
2017;Territoire de Belfort;72652
2017;Val-d'Oise;651110
2017;Val-de-Marne;754662
2017;Var;494588
2017;Vaucluse;269542
2017;Vendée;312918
2017;Vienne;212068
2017;Vosges;174116
2017;Yonne;157342
2017;Yvelines;741833
2019;Ain;327678
2019;Aisne;253235
2019;Allier;149717
2019;Alpes-Maritimes;527272
2019;Alpes-de-Haute-Provence;74026
2019;Ardennes;129676
2019;Ardèche;149979
2019;Ariège;70058
2019;Aube;147965
2019;Aude;168827
2019;Aveyron;125452
2019;Bas-Rhin;594991
2019;Bouches-du-Rhône;1018628
2019;Calvados;335188
2019;Cantal;65054
2019;Charente;163268
2019;Charente-Maritime;289563
2019;Cher;138567
2019;Corrèze;107440
2019;Corse;169167
2019;Creuse;50225
2019;Côte-d'Or;267005
2019;Côtes-d'Armor;265261
2019;Deux-Sèvres;174668
2019;Dordogne;180877
2019;Doubs;270902
2019;Drôme;244550
2019;Essonne;678728
2019;Eure;290269
2019;Eure-et-Loir;206190
2019;Finistère;434082
2019;Gard;352181
2019;Gers;85018
2019;Gironde;839796
2019;Guadeloupe;187129
2019;Guyane;137699
2019;Haut-Rhin;384851
2019;Haute-Garonne;760602
2019;Haute-Loire;104763
2019;Haute-Marne;80440
2019;Haute-Savoie;434554
2019;Haute-Saône;109967
2019;Haute-Vienne;175602
2019;Hautes-Alpes;65703
2019;Hautes-Pyrénées;104182
2019;Hauts-de-Seine;889908
2019;Hérault;582843
2019;Ille-et-Vilaine;552626
2019;Indre;96846
2019;Indre-et-Loire;296732
2019;Isère;638722
2019;Jura;121058
2019;La Réunion;447301
2019;Landes;191720
2019;Loir-et-Cher;149944
2019;Loire;361269
2019;Loire-Atlantique;723650
2019;Loiret;330315
2019;Lot;75309
2019;Lot-et-Garonne;149304
2019;Lozère;35616
2019;Maine-et-Loire;396451
2019;Manche;227485
2019;Marne;284823
2019;Martinique;177988
2019;Mayenne;142794
2019;Mayotte;113046
2019;Meurthe-et-Moselle;374447
2019;Meuse;86775
2019;Morbihan;348180
2019;Moselle;532271
2019;Nièvre;88024
2019;Nord;1327715
2019;Oise;418566
2019;Orne;125210
2019;Paris;1272904
2019;Pas-de-Calais;718475
2019;Puy-de-Dôme;328038
2019;Pyrénées-Atlantiques;327402
2019;Pyrénées-Orientales;217353
2019;Rhône;987175
2019;Sarthe;265907
2019;Savoie;217056
2019;Saône-et-Loire;249323
2019;Seine-Maritime;618023
2019;Seine-Saint-Denis;884809
2019;Seine-et-Marne;740266
2019;Somme;282678
2019;Tarn;179013
2019;Tarn-et-Garonne;122500
2019;Territoire de Belfort;70068
2019;Val-d'Oise;652092
2019;Val-de-Marne;760071
2019;Var;495829
2019;Vaucluse;266393
2019;Vendée;311479
2019;Vienne;212131
2019;Vosges;169842
2019;Yonne;153298
2019;Yvelines;740007
2020;Ain;329199
2020;Aisne;251587
2020;Allier;148677
2020;Alpes-Maritimes;525142
2020;Alpes-de-Haute-Provence;74384
2020;Ardennes;128460
2020;Ardèche;149544
2020;Ariège;69684
2020;Aube;147472
2020;Aude;168948
2020;Aveyron;124888
2020;Bas-Rhin;596157
2020;Bouches-du-Rhône;1017933
2020;Calvados;333861
2020;Cantal;64652
2020;Charente;162024
2020;Charente-Maritime;289855
2020;Cher;136389
2020;Corrèze;107089
2020;Corse;170201
2020;Creuse;49600
2020;Côte-d'Or;265430
2020;Côtes-d'Armor;265953
2020;Deux-Sèvres;174178
2020;Dordogne;180059
2020;Doubs;270326
2020;Drôme;244167
2020;Essonne;679737
2020;Eure;289506
2020;Eure-et-Loir;205806
2020;Finistère;431770
2020;Gard;350614
2020;Gers;84647
2020;Gironde;843874
2020;Guadeloupe;184601
2020;Guyane;139152
2020;Haut-Rhin;383664
2020;Haute-Garonne;767475
2020;Haute-Loire;103966
2020;Haute-Marne;79189
2020;Haute-Savoie;438816
2020;Haute-Saône;109212
2020;Haute-Vienne;174762
2020;Hautes-Alpes;64824
2020;Hautes-Pyrénées;103997
2020;Hauts-de-Seine;891384
2020;Hérault;587400
2020;Ille-et-Vilaine;555590
2020;Indre;96018
2020;Indre-et-Loire;297000
2020;Isère;639007
2020;Jura;120355
2020;La Réunion;445409
2020;Landes;192679
2020;Loir-et-Cher;149159
2020;Loire;360032
2020;Loire-Atlantique;730363
2020;Loiret;329620
2020;Lot;74791
2020;Lot-et-Garonne;147878
2020;Lozère;35471
2020;Maine-et-Loire;395021
2020;Manche;226849
2020;Marne;282780
2020;Martinique;174733
2020;Mayenne;141884
2020;Mayotte;117288
2020;Meurthe-et-Moselle;371205
2020;Meuse;85773
2020;Morbihan;347930
2020;Moselle;530064
2020;Nièvre;86564
2020;Nord;1320633
2020;Oise;416563
2020;Orne;123482
2020;Paris;1255034
2020;Pas-de-Calais;712945
2020;Puy-de-Dôme;324198
2020;Pyrénées-Atlantiques;327492
2020;Pyrénées-Orientales;217632
2020;Rhône;988908
2020;Sarthe;265543
2020;Savoie;218118
2020;Saône-et-Loire;247787
2020;Seine-Maritime;613795
2020;Seine-Saint-Denis;889729
2020;Seine-et-Marne;742634
2020;Somme;279256
2020;Tarn;178020
2020;Tarn-et-Garonne;122856
2020;Territoire de Belfort;68916
2020;Val-d'Oise;651205
2020;Val-de-Marne;758980
2020;Var;497986
2020;Vaucluse;266143
2020;Vendée;311764
2020;Vienne;211794
2020;Vosges;167508
2020;Yonne;152223
2020;Yvelines;739587
2021;Ain;331815
2021;Aisne;250140
2021;Allier;148112
2021;Alpes-Maritimes;528124
2021;Alpes-de-Haute-Provence;74666
2021;Ardennes;127517
2021;Ardèche;150476
2021;Ariège;69856
2021;Aube;147530
2021;Aude;169565
2021;Aveyron;124990
2021;Bas-Rhin;597738
2021;Bouches-du-Rhône;1023758
2021;Calvados;335055
2021;Cantal;64299
2021;Charente;160945
2021;Charente-Maritime;292192
2021;Cher;135207
2021;Corrèze;107575
2021;Corse;170016
2021;Creuse;49141
2021;Côte-d'Or;265013
2021;Côtes-d'Armor;266612
2021;Deux-Sèvres;173665
2021;Dordogne;179761
2021;Doubs;269354
2021;Drôme;245587
2021;Essonne;684453
2021;Eure;288323
2021;Eure-et-Loir;205373
2021;Finistère;433197
2021;Gard;351397
2021;Gers;84822
2021;Gironde;853119
2021;Guadeloupe;183675
2021;Guyane;140274
2021;Haut-Rhin;382057
2021;Haute-Garonne;776000
2021;Haute-Loire;103449
2021;Haute-Marne;78261
2021;Haute-Savoie;443627
2021;Haute-Saône;108924
2021;Haute-Vienne;173092
2021;Hautes-Alpes;64622
2021;Hautes-Pyrénées;104769
2021;Hauts-de-Seine;899904
2021;Hérault;592735
2021;Ille-et-Vilaine;560537
2021;Indre;95503
2021;Indre-et-Loire;296792
2021;Isère;642803
2021;Jura;120352
2021;La Réunion;446586
2021;Landes;195015
2021;Loir-et-Cher;148409
2021;Loire;360817
2021;Loire-Atlantique;737715
2021;Loiret;329809
2021;Lot;74198
2021;Lot-et-Garonne;147535
2021;Lozère;34896
2021;Maine-et-Loire;397461
2021;Manche;226004
2021;Marne;281188
2021;Martinique;172934
2021;Mayenne;141502
2021;Mayotte;121198
2021;Meurthe-et-Moselle;370547
2021;Meuse;84973
2021;Morbihan;349107
2021;Moselle;530030
2021;Nièvre;86381
2021;Nord;1320770
2021;Oise;415560
2021;Orne;122175
2021;Paris;1247103
2021;Pas-de-Calais;711866
2021;Puy-de-Dôme;323779
2021;Pyrénées-Atlantiques;329893
2021;Pyrénées-Orientales;219629
2021;Rhône;995279
2021;Sarthe;265261
2021;Savoie;218722
2021;Saône-et-Loire;246593
2021;Seine-Maritime;612534
2021;Seine-Saint-Denis;898115
2021;Seine-et-Marne;747483
2021;Somme;278186
2021;Tarn;178804
2021;Tarn-et-Garonne;122968
2021;Territoire de Belfort;68987
2021;Val-d'Oise;653822
2021;Val-de-Marne;763450
2021;Var;504031
2021;Vaucluse;266291
2021;Vendée;314111
2021;Vienne;210747
2021;Vosges;165931
2021;Yonne;151874
2021;Yvelines;743583
2022;Ain;335999
2022;Aisne;248990
2022;Allier;148061
2022;Alpes-Maritimes;533698
2022;Alpes-de-Haute-Provence;75097
2022;Ardennes;126092
2022;Ardèche;151125
2022;Ariège;70219
2022;Aube;147340
2022;Aude;169910
2022;Aveyron;125373
2022;Bas-Rhin;597639
2022;Bouches-du-Rhône;1031051
2022;Calvados;336109
2022;Cantal;63871
2022;Charente;161546
2022;Charente-Maritime;295165
2022;Cher;134916
2022;Corrèze;107816
2022;Corse;171324
2022;Creuse;49074
2022;Côte-d'Or;266160
2022;Côtes-d'Armor;267849
2022;Deux-Sèvres;173979
2022;Dordogne;180736
2022;Doubs;270060
2022;Drôme;246108
2022;Essonne;690922
2022;Eure;289128
2022;Eure-et-Loir;205963
2022;Finistère;436009
2022;Gard;355298
2022;Gers;84718
2022;Gironde;865378
2022;Guadeloupe;181812
2022;Guyane;140830
2022;Haut-Rhin;381585
2022;Haute-Garonne;783969
2022;Haute-Loire;104255
2022;Haute-Marne;77632
2022;Haute-Savoie;448131
2022;Haute-Saône;108150
2022;Haute-Vienne;173407
2022;Hautes-Alpes;65069
2022;Hautes-Pyrénées;105232
2022;Hauts-de-Seine;909623
2022;Hérault;597791
2022;Ille-et-Vilaine;566392
2022;Indre;95032
2022;Indre-et-Loire;298007
2022;Isère;647814
2022;Jura;120411
2022;La Réunion;448753
2022;Landes;197512
2022;Loir-et-Cher;149094
2022;Loire;361910
2022;Loire-Atlantique;747096
2022;Loiret;330703
2022;Lot;74335
2022;Lot-et-Garonne;148437
2022;Lozère;34661
2022;Maine-et-Loire;398651
2022;Manche;225331
2022;Marne;279608
2022;Martinique;170382
2022;Mayenne;141168
2022;Mayotte;125647
2022;Meurthe-et-Moselle;368647
2022;Meuse;83840
2022;Morbihan;351534
2022;Moselle;528289
2022;Nièvre;86364
2022;Nord;1324719
2022;Oise;415734
2022;Orne;121835
2022;Paris;1237279
2022;Pas-de-Calais;710025
2022;Puy-de-Dôme;324857
2022;Pyrénées-Atlantiques;332790
2022;Pyrénées-Orientales;221291
2022;Rhône;1002322
2022;Sarthe;264933
2022;Savoie;219509
2022;Saône-et-Loire;246633
2022;Seine-Maritime;613612
2022;Seine-Saint-Denis;909455
2022;Seine-et-Marne;755517
2022;Somme;277788
2022;Tarn;179789
2022;Tarn-et-Garonne;123820
2022;Territoire de Belfort;69236
2022;Val-d'Oise;662798
2022;Val-de-Marne;767861
2022;Var;509253
2022;Vaucluse;267200
2022;Vendée;317195
2022;Vienne;209407
2022;Vosges;165304
2022;Yonne;151637
2022;Yvelines;753387
2023;Ain;337819
2023;Aisne;247276
2023;Allier;147217
2023;Alpes-Maritimes;535221
2023;Alpes-de-Haute-Provence;74951
2023;Ardennes;124993
2023;Ardèche;151089
2023;Ariège;70179
2023;Aube;146827
2023;Aude;169576
2023;Aveyron;125048
2023;Bas-Rhin;597960
2023;Bouches-du-Rhône;1033889
2023;Calvados;336518
2023;Cantal;63597
2023;Charente;160713
2023;Charente-Maritime;296394
2023;Cher;133785
2023;Corrèze;107330
2023;Corse;172228
2023;Creuse;48577
2023;Côte-d'Or;266113
2023;Côtes-d'Armor;268201
2023;Deux-Sèvres;173651
2023;Dordogne;179749
2023;Doubs;270463
2023;Drôme;246020
2023;Essonne;693045
2023;Eure;288435
2023;Eure-et-Loir;205656
2023;Finistère;435840
2023;Gard;356269
2023;Gers;84257
2023;Gironde;873191
2023;Guadeloupe;178830
2023;Guyane;142153
2023;Haut-Rhin;379776
2023;Haute-Garonne;792730
2023;Haute-Loire;103946
2023;Haute-Marne;76807
2023;Haute-Savoie;451165
2023;Haute-Saône;107498
2023;Haute-Vienne;173092
2023;Hautes-Alpes;64727
2023;Hautes-Pyrénées;105392
2023;Hauts-de-Seine;914475
2023;Hérault;603303
2023;Ille-et-Vilaine;570449
2023;Indre;94234
2023;Indre-et-Loire;298460
2023;Isère;649381
2023;Jura;119868
2023;La Réunion;447808
2023;Landes;198862
2023;Loir-et-Cher;148341
2023;Loire;362392
2023;Loire-Atlantique;754539
2023;Loiret;331088
2023;Lot;74100
2023;Lot-et-Garonne;147701
2023;Lozère;34440
2023;Maine-et-Loire;400081
2023;Manche;224355
2023;Marne;278353
2023;Martinique;167009
2023;Mayenne;140617
2023;Mayotte;130098
2023;Meurthe-et-Moselle;367685
2023;Meuse;82827
2023;Morbihan;352155
2023;Moselle;526363
2023;Nièvre;85716
2023;Nord;1324156
2023;Oise;414558
2023;Orne;120789
2023;Paris;1226870
2023;Pas-de-Calais;706676
2023;Puy-de-Dôme;324615
2023;Pyrénées-Atlantiques;333883
2023;Pyrénées-Orientales;222378
2023;Rhône;1008130
2023;Sarthe;264268
2023;Savoie;220264
2023;Saône-et-Loire;245032
2023;Seine-Maritime;612468
2023;Seine-Saint-Denis;915194
2023;Seine-et-Marne;759481
2023;Somme;276425
2023;Tarn;180329
2023;Tarn-et-Garonne;123982
2023;Territoire de Belfort;68888
2023;Val-d'Oise;665406
2023;Val-de-Marne;769928
2023;Var;511602
2023;Vaucluse;266497
2023;Vendée;318919
2023;Vienne;209269
2023;Vosges;163675
2023;Yonne;150843
2023;Yvelines;757119
2024;Ain;338995
2024;Aisne;245067
2024;Allier;146183
2024;Alpes-Maritimes;535513
2024;Alpes-de-Haute-Provence;74785
2024;Ardennes;123304
2024;Ardèche;150642
2024;Ariège;70183
2024;Aube;146236
2024;Aude;169025
2024;Aveyron;124275
2024;Bas-Rhin;598411
2024;Bouches-du-Rhône;1035049
2024;Calvados;336916
2024;Cantal;63103
2024;Charente;159819
2024;Charente-Maritime;297395
2024;Cher;132774
2024;Corrèze;106638
2024;Corse;172952
2024;Creuse;48031
2024;Côte-d'Or;266004
2024;Côtes-d'Armor;267954
2024;Deux-Sèvres;173011
2024;Dordogne;178494
2024;Doubs;270541
2024;Drôme;245609
2024;Essonne;693895
2024;Eure;287291
2024;Eure-et-Loir;204714
2024;Finistère;435926
2024;Gard;355542
2024;Gers;83840
2024;Gironde;880465
2024;Guadeloupe;176012
2024;Guyane;142598
2024;Haut-Rhin;377507
2024;Haute-Garonne;801144
2024;Haute-Loire;103432
2024;Haute-Marne;75723
2024;Haute-Savoie;453069
2024;Haute-Saône;106529
2024;Haute-Vienne;172571
2024;Hautes-Alpes;64289
2024;Hautes-Pyrénées;105281
2024;Hauts-de-Seine;917588
2024;Hérault;608377
2024;Ille-et-Vilaine;574847
2024;Indre;93006
2024;Indre-et-Loire;299058
2024;Isère;650084
2024;Jura;119180
2024;La Réunion;445237
2024;Landes;199454
2024;Loir-et-Cher;147496
2024;Loire;362560
2024;Loire-Atlantique;761360
2024;Loiret;330913
2024;Lot;73715
2024;Lot-et-Garonne;146818
2024;Lozère;34305
2024;Maine-et-Loire;401574
2024;Manche;222842
2024;Marne;276872
2024;Martinique;163449
2024;Mayenne;140033
2024;Mayotte;134329
2024;Meurthe-et-Moselle;366668
2024;Meuse;81502
2024;Morbihan;352237
2024;Moselle;523356
2024;Nièvre;85050
2024;Nord;1322625
2024;Oise;412654
2024;Orne;119297
2024;Paris;1213981
2024;Pas-de-Calais;701631
2024;Puy-de-Dôme;324356
2024;Pyrénées-Atlantiques;334784
2024;Pyrénées-Orientales;222715
2024;Rhône;1013475
2024;Sarthe;263467
2024;Savoie;220792
2024;Saône-et-Loire;243070
2024;Seine-Maritime;610701
2024;Seine-Saint-Denis;920755
2024;Seine-et-Marne;761634
2024;Somme;274867
2024;Tarn;180341
2024;Tarn-et-Garonne;123863
2024;Territoire de Belfort;68249
2024;Val-d'Oise;667612
2024;Val-de-Marne;771130
2024;Var;512343
2024;Vaucluse;265652
2024;Vendée;320305
2024;Vienne;209014
2024;Vosges;161580
2024;Yonne;149576
2024;Yvelines;759211
2025;Ain;340161
2025;Aisne;242942
2025;Allier;145047
2025;Alpes-Maritimes;535847
2025;Alpes-de-Haute-Provence;74602
2025;Ardennes;121947
2025;Ardèche;149982
2025;Ariège;70305
2025;Aube;145561
2025;Aude;168452
2025;Aveyron;123645
2025;Bas-Rhin;598457
2025;Bouches-du-Rhône;1034966
2025;Calvados;337194
2025;Cantal;62764
2025;Charente;158815
2025;Charente-Maritime;298125
2025;Cher;131639
2025;Corrèze;105981
2025;Corse;173628
2025;Creuse;47419
2025;Côte-d'Or;266291
2025;Côtes-d'Armor;268125
2025;Deux-Sèvres;172421
2025;Dordogne;177669
2025;Doubs;271005
2025;Drôme;245114
2025;Essonne;695339
2025;Eure;285986
2025;Eure-et-Loir;204085
2025;Finistère;435124
2025;Gard;355033
2025;Gers;83477
2025;Gironde;888107
2025;Guadeloupe;173039
2025;Guyane;143182
2025;Haut-Rhin;374890
2025;Haute-Garonne;809427
2025;Haute-Loire;102712
2025;Haute-Marne;74895
2025;Haute-Savoie;455185
2025;Haute-Saône;105694
2025;Haute-Vienne;171905
2025;Hautes-Alpes;63840
2025;Hautes-Pyrénées;105071
2025;Hauts-de-Seine;921347
2025;Hérault;613535
2025;Ille-et-Vilaine;579127
2025;Indre;91940
2025;Indre-et-Loire;299234
2025;Isère;650843
2025;Jura;118430
2025;La Réunion;442854
2025;Landes;200151
2025;Loir-et-Cher;146725
2025;Loire;362521
2025;Loire-Atlantique;767680
2025;Loiret;331180
2025;Lot;73274
2025;Lot-et-Garonne;145815
2025;Lozère;34101
2025;Maine-et-Loire;402853
2025;Manche;221834
2025;Marne;275181
2025;Martinique;160203
2025;Mayenne;139457
2025;Mayotte;138101
2025;Meurthe-et-Moselle;366047
2025;Meuse;80433
2025;Morbihan;352046
2025;Moselle;520782
2025;Nièvre;84324
2025;Nord;1321096
2025;Oise;410502
2025;Orne;117971
2025;Paris;1201105
2025;Pas-de-Calais;696989
2025;Puy-de-Dôme;323583
2025;Pyrénées-Atlantiques;335348
2025;Pyrénées-Orientales;223020
2025;Rhône;1018731
2025;Sarthe;262662
2025;Savoie;221533
2025;Saône-et-Loire;240993
2025;Seine-Maritime;609190
2025;Seine-Saint-Denis;926615
2025;Seine-et-Marne;763898
2025;Somme;273005
2025;Tarn;180162
2025;Tarn-et-Garonne;123896
2025;Territoire de Belfort;67540
2025;Val-d'Oise;669284
2025;Val-de-Marne;772302
2025;Var;513234
2025;Vaucluse;264857
2025;Vendée;321716
2025;Vienne;208395
2025;Vosges;159571
2025;Yonne;148734
2025;Yvelines;760970
2026;Ain;340161
2026;Aisne;242942
2026;Allier;145047
2026;Alpes-Maritimes;535847
2026;Alpes-de-Haute-Provence;74602
2026;Ardennes;121947
2026;Ardèche;149982
2026;Ariège;70305
2026;Aube;145561
2026;Aude;168452
2026;Aveyron;123645
2026;Bas-Rhin;598457
2026;Bouches-du-Rhône;1034966
2026;Calvados;337194
2026;Cantal;62764
2026;Charente;158815
2026;Charente-Maritime;298125
2026;Cher;131639
2026;Corrèze;105981
2026;Corse;173628
2026;Creuse;47419
2026;Côte-d'Or;266291
2026;Côtes-d'Armor;268125
2026;Deux-Sèvres;172421
2026;Dordogne;177669
2026;Doubs;271005
2026;Drôme;245114
2026;Essonne;695339
2026;Eure;285986
2026;Eure-et-Loir;204085
2026;Finistère;435124
2026;Gard;355033
2026;Gers;83477
2026;Gironde;888107
2026;Guadeloupe;173039
2026;Guyane;143182
2026;Haut-Rhin;374890
2026;Haute-Garonne;809427
2026;Haute-Loire;102712
2026;Haute-Marne;74895
2026;Haute-Savoie;455185
2026;Haute-Saône;105694
2026;Haute-Vienne;171905
2026;Hautes-Alpes;63840
2026;Hautes-Pyrénées;105071
2026;Hauts-de-Seine;921347
2026;Hérault;613535
2026;Ille-et-Vilaine;579127
2026;Indre;91940
2026;Indre-et-Loire;299234
2026;Isère;650843
2026;Jura;118430
2026;La Réunion;442854
2026;Landes;200151
2026;Loir-et-Cher;146725
2026;Loire;362521
2026;Loire-Atlantique;767680
2026;Loiret;331180
2026;Lot;73274
2026;Lot-et-Garonne;145815
2026;Lozère;34101
2026;Maine-et-Loire;402853
2026;Manche;221834
2026;Marne;275181
2026;Martinique;160203
2026;Mayenne;139457
2026;Mayotte;138101
2026;Meurthe-et-Moselle;366047
2026;Meuse;80433
2026;Morbihan;352046
2026;Moselle;520782
2026;Nièvre;84324
2026;Nord;1321096
2026;Oise;410502
2026;Orne;117971
2026;Paris;1201105
2026;Pas-de-Calais;696989
2026;Puy-de-Dôme;323583
2026;Pyrénées-Atlantiques;335348
2026;Pyrénées-Orientales;223020
2026;Rhône;1018731
2026;Sarthe;262662
2026;Savoie;221533
2026;Saône-et-Loire;240993
2026;Seine-Maritime;609190
2026;Seine-Saint-Denis;926615
2026;Seine-et-Marne;763898
2026;Somme;273005
2026;Tarn;180162
2026;Tarn-et-Garonne;123896
2026;Territoire de Belfort;67540
2026;Val-d'Oise;669284
2026;Val-de-Marne;772302
2026;Var;513234
2026;Vaucluse;264857
2026;Vendée;321716
2026;Vienne;208395
2026;Vosges;159571
2026;Yonne;148734
2026;Yvelines;760970
